"cus_id","cus_lastname","cus_firstname","cus_address","cus_zipcode","cus_city","cus_countries_id","cus_mail","cus_phone","cus_password","cus_add_date","cus_update_date"
"1","Riviere","Romain","2301 boulevard Alsace-Lorraine","80000","Amiens","FR","risus.morbi@laposte.net","201583083","$2y$10$9Jxbv60GE2fDdKXkv2o1We9ToHGjLxwfeuD7nHjXDaCgFo8cnniSW","2017-01-02 23:47:20","2020-05-06 00:01:53"
"2","Bailly","Lilou","Ap #125-483 Fusce Street","80300","Birmingham","GB","sagittis.placerat@Aliquam.co.uk","700966695","$2y$10$9Jxbv60GE2fDdKXkv2o1We9ToHGjLxwfeuD7nHjXDaCgFo8cnniSW","2002-12-14 06:52:52","2020-05-18 00:00:00"
"3","Muller","Alexandre","P.O. Box 149, 6931 Nulla. Rd.","80100","Abbeville","FR","mauris.Morbi@Lorem.co.uk","167413271","$2y$10$9Jxbv60GE2fDdKXkv2o1We9ToHGjLxwfeuD7nHjXDaCgFo8cnniSW","2015-08-19 01:35:44",NULL
"4","Lefebvre","Élisa","Ap #850-6013 Suscipit, Av.","62000","Arras","FR","laplusbelledu62g@gmail.com","710601863","$2y$10$9Jxbv60GE2fDdKXkv2o1We9ToHGjLxwfeuD7nHjXDaCgFo8cnniSW","2016-01-11 02:58:51",NULL
"5","Andre","Maëlle","Ap #449-9035 Ac Street","59133","Vieux-Genappe","FR","aliquam.adipiscing@fringilla.net","296292567","$2y$10$9Jxbv60GE2fDdKXkv2o1We9ToHGjLxwfeuD7nHjXDaCgFo8cnniSW","2018-03-24 17:09:33",NULL
"6","Lemaire","Enzo","P.O. Box 771, 895 Libero Avenue","31779","Sevastopol","FR","interdum.feugiat@a.edu","395027964","$2y$10$9Jxbv60GE2fDdKXkv2o1We9ToHGjLxwfeuD7nHjXDaCgFo8cnniSW","2017-08-16 15:18:39",NULL
"7","Perez","Bienvenue","Ap #382-9259 Tincidunt, Rd.","49960","Maastricht","FR","tempus.mauris@nonloremvitae.net","735753221","$2y$10$9Jxbv60GE2fDdKXkv2o1We9ToHGjLxwfeuD7nHjXDaCgFo8cnniSW","2006-02-19 12:25:51",NULL
"8","Dumont","Emma","299-2527 Blandit Road","13011","Paternopoli","FR","tristique.ac@Sedmalesuadaaugue.com","373682901","$2y$10$9Jxbv60GE2fDdKXkv2o1We9ToHGjLxwfeuD7nHjXDaCgFo8cnniSW","2003-07-17 08:28:22",NULL
"9","Riviere","Alice","P.O. Box 743, 4502 Dictum St.","64066","Campbelltown","FR","fringilla.ornare.placerat@odioEtiam.edu","962347562","$2y$10$9Jxbv60GE2fDdKXkv2o1We9ToHGjLxwfeuD7nHjXDaCgFo8cnniSW","2018-06-26 23:05:17",NULL
"10","Boucher","Noë","865-7652 Nibh. Ave","75197","Fermont","CA","facilisi.Sed.neque@eteuismodet.ca","527427380","$2y$10$9Jxbv60GE2fDdKXkv2o1We9ToHGjLxwfeuD7nHjXDaCgFo8cnniSW","2012-01-24 12:00:27",NULL
"11","Masson","Aaron","680-7022 Sollicitudin Avenue","68058","Renfrew","FR","felis.Nulla@ligulaAeneangravida.net","325055764","$2y$10$9Jxbv60GE2fDdKXkv2o1We9ToHGjLxwfeuD7nHjXDaCgFo8cnniSW","2001-06-02 00:22:39",NULL
"12","Nazdorovie","Sergueï","592 Moskow road","51769","Vladivostok","RU","serguei@nazdorovie.ru","925855798","$2y$10$9Jxbv60GE2fDdKXkv2o1We9ToHGjLxwfeuD7nHjXDaCgFo8cnniSW","2018-06-17 01:02:23","2020-05-23 00:00:00"
"13","Lemoine","Yasmine","9317 Sodales Ave","06190","Huntsville","FR","dolor.sit.amet@Seddiam.net","857714507","$2y$10$9Jxbv60GE2fDdKXkv2o1We9ToHGjLxwfeuD7nHjXDaCgFo8cnniSW","2016-08-29 21:44:14",NULL
"14","Lopez","Marion","292 Ligula. Road","47589","Kota","FR","molestie.in@accumsannequeet.edu","698455911","$2y$10$9Jxbv60GE2fDdKXkv2o1We9ToHGjLxwfeuD7nHjXDaCgFo8cnniSW","2000-01-09 19:02:05",NULL
"15","Blanchard","Émilie","Ap #923-6845 Commodo Street","90846","Rodgau","FR","consectetuer.adipiscing@risusDuisa.co.uk","471496791","$2y$10$9Jxbv60GE2fDdKXkv2o1We9ToHGjLxwfeuD7nHjXDaCgFo8cnniSW","2018-06-24 12:06:59",NULL
"16","Philippe","Léonard","7315 Proin Street","70095","Matamata","FR","sodales.elit.erat@Vivamusnibhdolor.org","107172928","$2y$10$9Jxbv60GE2fDdKXkv2o1We9ToHGjLxwfeuD7nHjXDaCgFo8cnniSW","2017-03-26 13:44:18",NULL
"17","Girard","Kimberley","P.O. Box 184, 8937 Pretium Street","30481","Kamalia","FR","Suspendisse.sed.dolor@enimNunc.org","404189030","$2y$10$9Jxbv60GE2fDdKXkv2o1We9ToHGjLxwfeuD7nHjXDaCgFo8cnniSW","2017-12-11 14:27:22",NULL
"18","Morin","Élise","Ap #846-6229 Eu, St.","27844","West Valley City","FR","Integer.vitae@lorem.edu","254854268","$2y$10$9Jxbv60GE2fDdKXkv2o1We9ToHGjLxwfeuD7nHjXDaCgFo8cnniSW","2000-04-28 23:38:36",NULL
"19","Lefebvre","Zoé","677-3832 Dis St.","94571","Caruaru","FR","Sed@odioAliquamvulputate.net","639577658","$2y$10$9Jxbv60GE2fDdKXkv2o1We9ToHGjLxwfeuD7nHjXDaCgFo8cnniSW","2014-05-17 18:12:34",NULL
"20","Renault","Lilian","163 Sed Avenue","36652","La Unión","FR","erat.semper@est.co.uk","255166898","$2y$10$9Jxbv60GE2fDdKXkv2o1We9ToHGjLxwfeuD7nHjXDaCgFo8cnniSW","2005-04-11 05:47:10",NULL
"21","Remy","Dimitri","Ap #801-6517 Eros Avenue","78009","Frigento","FR","amet.dapibus.id@placerat.ca","396036245","$2y$10$9Jxbv60GE2fDdKXkv2o1We9ToHGjLxwfeuD7nHjXDaCgFo8cnniSW","2016-12-18 03:53:15",NULL
"22","Guillaume","Lena","1064 Donec St.","78387","Anchorage","US","varius.orci@fermentum.com","953782036","$2y$10$9Jxbv60GE2fDdKXkv2o1We9ToHGjLxwfeuD7nHjXDaCgFo8cnniSW","2017-11-15 06:58:24",NULL
"23","Maillard","Charlotte","738 Euismod Avenue","17914","Losino-Petrovsky","RU","Maecenas.libero@nunc.com","817015812","$2y$10$9Jxbv60GE2fDdKXkv2o1We9ToHGjLxwfeuD7nHjXDaCgFo8cnniSW","2013-05-09 13:47:48","2020-05-13 00:00:00"
"24","Albert","Diego","Ap #332-8162 Proin Road","83410","Trois-Rivières","CA","aliquam@vestibulum.edu","255430951","$2y$10$9Jxbv60GE2fDdKXkv2o1We9ToHGjLxwfeuD7nHjXDaCgFo8cnniSW","2013-10-08 11:56:34",NULL
"25","Leclerc","Lauriane","Ap #661-6175 Turpis St.","88100","Pékin","CN","non@auctorveliteget.org","498920916","$2y$10$9Jxbv60GE2fDdKXkv2o1We9ToHGjLxwfeuD7nHjXDaCgFo8cnniSW","2017-05-06 10:22:02",NULL
"26","Poirier","Paul","Ap #784-932 Quis Rd.","42399","Flushing","FR","lectus.sit@ligulaAliquamerat.net","763446742","$2y$10$9Jxbv60GE2fDdKXkv2o1We9ToHGjLxwfeuD7nHjXDaCgFo8cnniSW","2012-05-09 06:32:53",NULL
"27","Hubert","Marianne","8 cours javascript","80090","Amiens","FR","vitae.purus@curae.org","206792150","$2y$10$9Jxbv60GE2fDdKXkv2o1We9ToHGjLxwfeuD7nHjXDaCgFo8cnniSW","2017-11-03 04:53:14","2020-06-01 00:00:00"
"28","Caron","Cédric","P.O. Box 643, 5476 Mi Rd.","23735","Vanderhoof","FR","egestas.Duis.ac@eleifend.edu","266232419","$2y$10$9Jxbv60GE2fDdKXkv2o1We9ToHGjLxwfeuD7nHjXDaCgFo8cnniSW","2003-10-01 22:21:43",NULL
"29","Fournier","Célia","P.O. Box 301, 1701 Neque. Street","14711","Harrisburg","FR","ante.Nunc@porta.edu","692615826","$2y$10$9Jxbv60GE2fDdKXkv2o1We9ToHGjLxwfeuD7nHjXDaCgFo8cnniSW","2016-02-02 09:30:12",NULL
"30","Hubert","Corentin","Ap #150-5696 Et, St.","08762","Veldwezelt","FR","fringilla.euismod.enim@Namligula.ca","539979021","$2y$10$9Jxbv60GE2fDdKXkv2o1We9ToHGjLxwfeuD7nHjXDaCgFo8cnniSW","2000-10-08 04:53:40",NULL
"31","Dupont","Macéo","P.O. Box 580, 927 Amet Ave","32275","Karachi","FR","Sed.auctor.odio@velitPellentesque.net","758036455","$2y$10$9Jxbv60GE2fDdKXkv2o1We9ToHGjLxwfeuD7nHjXDaCgFo8cnniSW","2002-11-24 08:24:31",NULL
"32","Fabre","Maelys","P.O. Box 347, 5390 Sit St.","04549","Francavilla Fontana","FR","Duis.cursus@Pellentesquehabitantmorbi.ca","253671958","$2y$10$9Jxbv60GE2fDdKXkv2o1We9ToHGjLxwfeuD7nHjXDaCgFo8cnniSW","2018-09-26 18:10:38",NULL
"33","Henry","Florentin","4750 Molestie Rd.","91323","Heusden-Zolder","FR","a.sollicitudin@adipiscingfringilla.ca","726936785","$2y$10$9Jxbv60GE2fDdKXkv2o1We9ToHGjLxwfeuD7nHjXDaCgFo8cnniSW","2007-07-04 00:37:24",NULL
"34","Pons","Léonard","6857 Scelerisque Ave","52811","Antofagasta","FR","lectus@aliquet.edu","941616307","$2y$10$9Jxbv60GE2fDdKXkv2o1We9ToHGjLxwfeuD7nHjXDaCgFo8cnniSW","2013-08-10 13:20:15",NULL
"35","Fleury","Solene","Ap #518-8977 Duis Street","55043","Olmué","FR","mollis@laciniavitae.net","808630903","$2y$10$9Jxbv60GE2fDdKXkv2o1We9ToHGjLxwfeuD7nHjXDaCgFo8cnniSW","2000-09-05 16:06:49",NULL
"36","Richard","Rémi","P.O. Box 480, 2248 Ac Road","09509","Bilbo","FR","bibendum.sed@semvitaealiquam.ca","943962068","$2y$10$9Jxbv60GE2fDdKXkv2o1We9ToHGjLxwfeuD7nHjXDaCgFo8cnniSW","2003-11-03 12:40:42",NULL
"37","Blanc","Sarah","P.O. Box 535, 8956 Ut, Avenue","61210","Joliet","FR","rutrum@nibh.com","805575004","$2y$10$9Jxbv60GE2fDdKXkv2o1We9ToHGjLxwfeuD7nHjXDaCgFo8cnniSW","2012-06-27 03:01:40",NULL
"38","Evrard","Paul","P.O. Box 909, 6072 Nullam St.","79346","Raiganj","FR","arcu.Vestibulum@elitpellentesquea.org","401905237","$2y$10$9Jxbv60GE2fDdKXkv2o1We9ToHGjLxwfeuD7nHjXDaCgFo8cnniSW","2000-03-31 09:57:34",NULL
"39","Legrand","Romane","P.O. Box 567, 3645 Eu Rd.","41510","Vilvoorde","FR","nunc@faucibus.org","963165937","$2y$10$9Jxbv60GE2fDdKXkv2o1We9ToHGjLxwfeuD7nHjXDaCgFo8cnniSW","2005-11-21 09:09:09",NULL
"40","Huet","Julien","285-395 Est, Rd.","22174","Eschwege","FR","amet@eudolor.edu","240881253","$2y$10$9Jxbv60GE2fDdKXkv2o1We9ToHGjLxwfeuD7nHjXDaCgFo8cnniSW","2005-06-11 22:34:48",NULL
"41","Dubois","Lamia","145-1564 Vestibulum Rd.","86306","Valleyview","FR","Pellentesque.habitant.morbi@musAenean.ca","682183873","$2y$10$9Jxbv60GE2fDdKXkv2o1We9ToHGjLxwfeuD7nHjXDaCgFo8cnniSW","2016-06-20 16:12:22",NULL
"42","Carpentier","Maïwenn","P.O. Box 181, 3727 Sem Road","77351","Farrukhabad-cum-Fatehgarh","FR","sem.magna@sedorci.org","715511479","$2y$10$9Jxbv60GE2fDdKXkv2o1We9ToHGjLxwfeuD7nHjXDaCgFo8cnniSW","2017-02-18 17:34:11",NULL
"43","Perez","Florentin","2114 Nisi. St.","75209","Trivandrum","FR","velit.justo.nec@MaurisnullaInteger.com","870041920","$2y$10$9Jxbv60GE2fDdKXkv2o1We9ToHGjLxwfeuD7nHjXDaCgFo8cnniSW","2007-03-02 07:07:47",NULL
"44","Dupont","Chaïma","P.O. Box 576, 4207 Sociis Av.","78616","Romeral","FR","lorem.ipsum@Praesenteunulla.edu","399708266","$2y$10$9Jxbv60GE2fDdKXkv2o1We9ToHGjLxwfeuD7nHjXDaCgFo8cnniSW","2004-08-26 02:39:06",NULL
"45","Schneider","Alice","548-7461 Nunc Av.","18591","Marburg","FR","Aliquam.erat@eget.org","297079661","$2y$10$9Jxbv60GE2fDdKXkv2o1We9ToHGjLxwfeuD7nHjXDaCgFo8cnniSW","2014-07-05 07:36:55",NULL
"46","Gautier","Rose","P.O. Box 705, 741 Integer Avenue","73604","Kartaly","FR","ante@aliquet.com","932461360","$2y$10$9Jxbv60GE2fDdKXkv2o1We9ToHGjLxwfeuD7nHjXDaCgFo8cnniSW","2004-09-13 08:02:43",NULL
"47","Guillot","Loevan","Ap #601-2284 Commodo Road","54873","Gonnosfanadiga","FR","cursus.in@ultriciessem.ca","314644035","$2y$10$9Jxbv60GE2fDdKXkv2o1We9ToHGjLxwfeuD7nHjXDaCgFo8cnniSW","2020-11-19 14:41:00",NULL
"48","Lefevre","Clémence","476-8880 Suscipit, Rd.","61563","Vöcklabruck","FR","ut@sollicitudinadipiscing.co.uk","457752971","$2y$10$9Jxbv60GE2fDdKXkv2o1We9ToHGjLxwfeuD7nHjXDaCgFo8cnniSW","2019-12-09 16:42:16",NULL
"49","Bouvier","Clara","P.O. Box 282, 9786 Tellus Street","07517","Wilskerke","FR","Fusce.fermentum.fermentum@adipiscingfringillaporttitor.co.uk","432914963","$2y$10$9Jxbv60GE2fDdKXkv2o1We9ToHGjLxwfeuD7nHjXDaCgFo8cnniSW","2010-12-21 23:10:13",NULL
"50","Blanchard","Adam","P.O. Box 259, 7958 Sem, St.","82728","Roosbeek","FR","elementum@atfringillapurus.edu","139672737","$2y$10$9Jxbv60GE2fDdKXkv2o1We9ToHGjLxwfeuD7nHjXDaCgFo8cnniSW","2004-08-13 16:41:09",NULL
"51","Pikatchien","Jessica","92 rue de la plage","22190","Plérin","FR","jessica.pikatchien@plerin.fr","278564042","$2y$10$9Jxbv60GE2fDdKXkv2o1We9ToHGjLxwfeuD7nHjXDaCgFo8cnniSW","2013-06-22 04:55:34","2020-05-18 07:26:24"
"52","Bailly","Léo","800-2734 Morbi Av.","50231","Widooie","FR","ornare.lectus@hendreritDonec.edu","734831721","$2y$10$9Jxbv60GE2fDdKXkv2o1We9ToHGjLxwfeuD7nHjXDaCgFo8cnniSW","2016-02-01 18:54:35",NULL
"53","Schneider","Florentin","P.O. Box 468, 4940 Cursus Rd.","36508","Vaux-sur-Sure","FR","erat.vitae@aliquet.com","821421997","$2y$10$9Jxbv60GE2fDdKXkv2o1We9ToHGjLxwfeuD7nHjXDaCgFo8cnniSW","2016-03-16 09:28:03",NULL
"54","Caron","Martin","242-9793 Ipsum Road","51877","Tain","FR","pharetra.sed@Etiambibendumfermentum.edu","788393239","$2y$10$9Jxbv60GE2fDdKXkv2o1We9ToHGjLxwfeuD7nHjXDaCgFo8cnniSW","2013-07-23 09:59:23",NULL
"55","David","Lutécia","665-963 Donec Road","44664","Westkapelle","FR","lorem@felispurusac.net","792783693","$2y$10$9Jxbv60GE2fDdKXkv2o1We9ToHGjLxwfeuD7nHjXDaCgFo8cnniSW","2005-05-25 12:33:45",NULL
"56","Robert","Agathe","6737 Ut, Road","05249","Sandy","FR","nunc.sed.pede@consectetueradipiscing.com","634450159","$2y$10$9Jxbv60GE2fDdKXkv2o1We9ToHGjLxwfeuD7nHjXDaCgFo8cnniSW","2007-01-30 21:14:24",NULL
"57","Rodriguez","Macéo","P.O. Box 355, 2303 Vitae Street","57821","Suncheon","FR","orci@ametornarelectus.org","472684476","$2y$10$9Jxbv60GE2fDdKXkv2o1We9ToHGjLxwfeuD7nHjXDaCgFo8cnniSW","2002-01-22 06:07:53",NULL
"58","Humbert","Élouan","P.O. Box 452, 8712 Purus, Av.","05252","Alix","FR","quam.dignissim.pharetra@ornare.org","682265107","$2y$10$9Jxbv60GE2fDdKXkv2o1We9ToHGjLxwfeuD7nHjXDaCgFo8cnniSW","2001-07-24 01:49:50",NULL
"59","Charpentier","Lucie","9957 Morbi Rd.","24752","Aschersleben","FR","ac.nulla@ante.net","441099805","$2y$10$9Jxbv60GE2fDdKXkv2o1We9ToHGjLxwfeuD7nHjXDaCgFo8cnniSW","2014-07-15 19:33:57",NULL
"60","Colin","Yanis","804-4641 Nunc. Avenue","16829","Alness","FR","sit.amet.orci@turpisnec.co.uk","812254447","$2y$10$9Jxbv60GE2fDdKXkv2o1We9ToHGjLxwfeuD7nHjXDaCgFo8cnniSW","2004-06-19 11:55:02",NULL
"61","Robert","Élise","Ap #872-7281 Amet Street","09693","Rocky Mountain House","FR","erat.nonummy.ultricies@sapienAenean.ca","407007247","$2y$10$9Jxbv60GE2fDdKXkv2o1We9ToHGjLxwfeuD7nHjXDaCgFo8cnniSW","2012-12-08 10:54:13",NULL
"62","Lucas","Laura","976-2480 Turpis Ave","58690","Alanya","FR","vel.mauris@massarutrummagna.ca","405524344","$2y$10$9Jxbv60GE2fDdKXkv2o1We9ToHGjLxwfeuD7nHjXDaCgFo8cnniSW","2004-01-11 10:45:30",NULL
"63","Laurent","Quentin","489-9653 Fermentum Rd.","65691","Fort Resolution","FR","porttitor.interdum@dictum.co.uk","707373852","$2y$10$9Jxbv60GE2fDdKXkv2o1We9ToHGjLxwfeuD7nHjXDaCgFo8cnniSW","2008-06-08 17:58:44",NULL
"64","Giraud","Kimberley","7411 Ut Rd.","51814","Stroud","FR","nec@nectempus.com","103884425","$2y$10$9Jxbv60GE2fDdKXkv2o1We9ToHGjLxwfeuD7nHjXDaCgFo8cnniSW","2004-06-28 21:35:30",NULL
"65","Bailly","Julien","Ap #182-3848 Nunc St.","82181","Laramie","FR","Morbi@feugiatLorem.org","274508650","$2y$10$9Jxbv60GE2fDdKXkv2o1We9ToHGjLxwfeuD7nHjXDaCgFo8cnniSW","2017-05-01 14:27:23",NULL
"66","Chevalier","Gaspard","8464 Blandit Rd.","03869","Glain","FR","elit.sed.consequat@ultricies.co.uk","466809005","$2y$10$9Jxbv60GE2fDdKXkv2o1We9ToHGjLxwfeuD7nHjXDaCgFo8cnniSW","2001-04-06 14:32:34",NULL
"67","Francois","Tatiana","Ap #961-9752 Vestibulum Rd.","77822","Cap-de-la-Madeleine","FR","dictum.mi.ac@ametconsectetueradipiscing.org","200147301","$2y$10$9Jxbv60GE2fDdKXkv2o1We9ToHGjLxwfeuD7nHjXDaCgFo8cnniSW","2001-01-26 19:17:52",NULL
"68","Mercier","Constant","Ap #706-6920 Amet Rd.","49458","Haut-Ittre","FR","tellus.imperdiet@variusorciin.org","296096563","$2y$10$9Jxbv60GE2fDdKXkv2o1We9ToHGjLxwfeuD7nHjXDaCgFo8cnniSW","2019-03-14 09:41:04",NULL
"69","Gomez","Jérémy","70 avenue des travailleurs","80000","Amiens","FR","lacus.Etiam@nibhco.net","967938363","$2y$10$9Jxbv60GE2fDdKXkv2o1We9ToHGjLxwfeuD7nHjXDaCgFo8cnniSW","2012-12-15 13:46:02","2020-06-01 00:00:00"
"70","Leroy","Benjamin","P.O. Box 202, 4157 Et, Avenue","41799","Eckernförde","FR","non.magna.Nam@ultriciesdignissim.com","199309302","$2y$10$9Jxbv60GE2fDdKXkv2o1We9ToHGjLxwfeuD7nHjXDaCgFo8cnniSW","2008-04-16 12:28:17",NULL
"71","Rolland","Ethan","907-4675 Pede Rd.","32055","Enterprise","FR","dolor.Fusce.mi@dignissim.co.uk","584704040","$2y$10$9Jxbv60GE2fDdKXkv2o1We9ToHGjLxwfeuD7nHjXDaCgFo8cnniSW","2020-11-01 17:46:48",NULL
"72","Meunier","Margaux","P.O. Box 461, 5531 In Rd.","39165","Glimes","FR","morbi.tristique.senectus@Phasellusdolor.co.uk","422001131","$2y$10$9Jxbv60GE2fDdKXkv2o1We9ToHGjLxwfeuD7nHjXDaCgFo8cnniSW","2015-12-16 15:43:52",NULL
"73","Roger","Thomas","P.O. Box 505, 6494 Vel Avenue","06743","Fino Mornasco","FR","porttitor.vulputate@egetipsumSuspendisse.edu","894398702","$2y$10$9Jxbv60GE2fDdKXkv2o1We9ToHGjLxwfeuD7nHjXDaCgFo8cnniSW","2012-12-25 11:33:00",NULL
"74","Renaud","Anaël","Ap #309-9136 Suspendisse St.","45464","Westmount","FR","eget@ipsumcursusvestibulum.edu","299244593","$2y$10$9Jxbv60GE2fDdKXkv2o1We9ToHGjLxwfeuD7nHjXDaCgFo8cnniSW","2006-03-11 14:57:33",NULL
"75","Morin","Yüna","8089 Erat St.","07900","Shenkursk","FR","Integer@lectuspedeultrices.org","230162777","$2y$10$9Jxbv60GE2fDdKXkv2o1We9ToHGjLxwfeuD7nHjXDaCgFo8cnniSW","2019-07-28 04:31:18",NULL
"76","Joly","Eva","479-8537 Ipsum Ave","42231","Bhimavaram","FR","et.nunc.Quisque@odiotristique.com","917398026","$2y$10$9Jxbv60GE2fDdKXkv2o1We9ToHGjLxwfeuD7nHjXDaCgFo8cnniSW","2019-11-09 23:09:40",NULL
"77","Garnier","Anaël","4703 Fringilla, Street","66625","Kobbegem","FR","at.arcu@vitaeodio.org","173395243","$2y$10$9Jxbv60GE2fDdKXkv2o1We9ToHGjLxwfeuD7nHjXDaCgFo8cnniSW","2001-10-20 09:29:18",NULL
"78","Martinez","Lina","Ap #466-9700 Pede. Avenue","46174","My","FR","nisi.nibh.lacinia@nunc.com","497067354","$2y$10$9Jxbv60GE2fDdKXkv2o1We9ToHGjLxwfeuD7nHjXDaCgFo8cnniSW","2006-05-24 09:07:41",NULL
"79","Le gall","Nathan","P.O. Box 792, 625 Libero Rd.","40854","Ancaster Town","FR","Sed.nunc@sitamet.ca","676975310","$2y$10$9Jxbv60GE2fDdKXkv2o1We9ToHGjLxwfeuD7nHjXDaCgFo8cnniSW","2013-09-25 11:13:28",NULL
"80","Martinez","Fanny","Ap #677-8255 Et Avenue","14981","Rodgau","FR","tortor@maurissitamet.co.uk","893683553","$2y$10$9Jxbv60GE2fDdKXkv2o1We9ToHGjLxwfeuD7nHjXDaCgFo8cnniSW","2004-12-11 22:25:30",NULL
"81","Clement","Lucas","694-5524 Sit St.","92268","Branchon","FR","luctus@vitaeorci.org","786695746","$2y$10$9Jxbv60GE2fDdKXkv2o1We9ToHGjLxwfeuD7nHjXDaCgFo8cnniSW","2002-04-01 19:01:57",NULL
"82","Marchal","Thomas","200-3480 A Road","11669","Saint-Honor�","FR","magna.Praesent.interdum@velit.edu","225003361","$2y$10$9Jxbv60GE2fDdKXkv2o1We9ToHGjLxwfeuD7nHjXDaCgFo8cnniSW","2016-01-15 06:06:53",NULL
"83","Rey","Alicia","P.O. Box 606, 9603 Lorem Av.","75377","l'Escaillre","FR","Mauris.magna@est.co.uk","413194483","$2y$10$9Jxbv60GE2fDdKXkv2o1We9ToHGjLxwfeuD7nHjXDaCgFo8cnniSW","2007-09-23 11:03:28",NULL
"84","Rey","Jeanne","P.O. Box 550, 3352 Vitae Avenue","81795","Olmué","FR","auctor@sem.com","585086153","$2y$10$9Jxbv60GE2fDdKXkv2o1We9ToHGjLxwfeuD7nHjXDaCgFo8cnniSW","2020-09-11 17:17:01",NULL
"85","Bouvier","Léonie","116-5083 Tortor. Ave","67639","Chieti","FR","Duis.risus.odio@a.com","164663188","$2y$10$9Jxbv60GE2fDdKXkv2o1We9ToHGjLxwfeuD7nHjXDaCgFo8cnniSW","2006-11-02 11:42:08",NULL
"86","Paul","Marwane","249-1253 Odio Street","70886","Wimmertingen","FR","sociis.natoque.penatibus@suscipit.org","702449373","$2y$10$9Jxbv60GE2fDdKXkv2o1We9ToHGjLxwfeuD7nHjXDaCgFo8cnniSW","2014-02-25 04:13:58",NULL
"87","Collin","Macéo","Ap #349-3573 Nibh St.","04443","Terrance","FR","per@pellentesqueSed.ca","197051563","$2y$10$9Jxbv60GE2fDdKXkv2o1We9ToHGjLxwfeuD7nHjXDaCgFo8cnniSW","2015-05-23 08:50:39",NULL
"88","Maillard","Maelys","6013 Metus Avenue","88526","Huancayo","FR","magnis@tristiquealiquet.net","362978211","$2y$10$9Jxbv60GE2fDdKXkv2o1We9ToHGjLxwfeuD7nHjXDaCgFo8cnniSW","2014-09-22 07:22:30",NULL
"89","Maillard","Constant","Ap #403-2940 Egestas St.","61695","Heidenheim","FR","parturient.montes.nascetur@luctussitamet.com","301933055","$2y$10$9Jxbv60GE2fDdKXkv2o1We9ToHGjLxwfeuD7nHjXDaCgFo8cnniSW","2007-03-16 17:11:53",NULL
"90","Daniel","Félix","Ap #325-2095 Risus, Rd.","12706","Chimay","FR","Donec.sollicitudin.adipiscing@Morbinon.net","297199570","$2y$10$9Jxbv60GE2fDdKXkv2o1We9ToHGjLxwfeuD7nHjXDaCgFo8cnniSW","2010-03-13 06:11:54",NULL
"91","Bon","Jean","30 rue de poulainville","80080","Amiens","FR","adipiscing@gmail.com","354213413","$2y$10$9Jxbv60GE2fDdKXkv2o1We9ToHGjLxwfeuD7nHjXDaCgFo8cnniSW","2014-04-13 11:14:36","2020-06-01 00:00:00"
"92","Boulanger","Mathis","P.O. Box 595, 7563 Id Avenue","92588","Bhatinda","FR","laoreet.ipsum@id.co.uk","292792782","$2y$10$9Jxbv60GE2fDdKXkv2o1We9ToHGjLxwfeuD7nHjXDaCgFo8cnniSW","2008-04-26 14:48:02",NULL
"93","Boucher","Dorian","P.O. Box 795, 7040 Venenatis Ave","82751","Jelenia Góra","FR","Curabitur@nonummy.com","199164804","$2y$10$9Jxbv60GE2fDdKXkv2o1We9ToHGjLxwfeuD7nHjXDaCgFo8cnniSW","2019-05-27 07:39:18",NULL
"94","Bouvier","Marion","1071 Molestie Ave","38203","Limburg","FR","Suspendisse.aliquet@nibh.co.uk","555750153","$2y$10$9Jxbv60GE2fDdKXkv2o1We9ToHGjLxwfeuD7nHjXDaCgFo8cnniSW","2001-10-17 07:59:06",NULL
"95","Maillard","Pauline","4721 Nonummy Av.","61225","Seilles","FR","magna.Praesent@pedeCum.edu","743297591","$2y$10$9Jxbv60GE2fDdKXkv2o1We9ToHGjLxwfeuD7nHjXDaCgFo8cnniSW","2019-08-28 15:49:08",NULL
"96","Renaud","Rose","7837 Hendrerit Rd.","67206","Fremantle","FR","orci.in@ultriciesornareelit.edu","817838763","$2y$10$9Jxbv60GE2fDdKXkv2o1We9ToHGjLxwfeuD7nHjXDaCgFo8cnniSW","2014-07-17 14:27:43",NULL
"97","Robert","Maelys","P.O. Box 393, 5911 Felis, St.","06642","Casper","FR","malesuada.id.erat@velitCras.com","643869652","$2y$10$9Jxbv60GE2fDdKXkv2o1We9ToHGjLxwfeuD7nHjXDaCgFo8cnniSW","2003-10-29 11:53:49",NULL
"98","Dupuis","Carla","Ap #874-1931 Iaculis Road","69142","Virginia Plage","FR","nisi@neceuismod.ca","913028975","$2y$10$9Jxbv60GE2fDdKXkv2o1We9ToHGjLxwfeuD7nHjXDaCgFo8cnniSW","2012-05-06 03:59:39",NULL
"99","Meunier","Angelina","Ap #784-906 Amet, Ave","46591","Melle","FR","gravida.mauris@rutrumeu.edu","797466269","$2y$10$9Jxbv60GE2fDdKXkv2o1We9ToHGjLxwfeuD7nHjXDaCgFo8cnniSW","2013-10-20 11:20:59",NULL
"100","Philippe","Maïwenn","2585 In Street","53983","Lumaco","FR","elit@Crassed.co.uk","460749886","$2y$10$9Jxbv60GE2fDdKXkv2o1We9ToHGjLxwfeuD7nHjXDaCgFo8cnniSW","2009-09-21 15:57:34",NULL
